id,name,orig_name,Unicode,straight_position,inverted_position
1,Феу,Fehu,U+16A0,"Основной ее смысл связан с приобретением чего-либо или сохранением всего того, что у человека имеется на сегодняшний день. Надо понимать, что, прежде всего, мы говорим здесь о материальной составляющей бытия. И это вполне закономерно. Но также Феу в раскладах может дать информацию, отражающую духовную сторону жизни человека со всеми его эмоциями и убеждениями.

Руна символизирует незыблемость и достижения, которые достались очень нелегко. Также она может означать, что пришло время исполнения желаний и всего, чего вы добивались. Суть послания Феу состоит в том, что на пути к мечте человек преодолел много испытаний, перенес трудности, боролся с конкурентами и завистниками, упорно и плодотворно трудился. Выпадение руны на заключительной стадии расклада правильно трактовать в таком значении, что успех связан не с везением, а с личным вкладом индивида в дело и сильными качествами его характера.","В перевернутом положении Феу свидетельствует о потерях, разочарованиях и ошибках. Они не относятся к непреодолимым и долговечным, однако их скорейшему решению необходимо уделить внимание. Если оставить все как есть и упорно отстаивать свои убеждения, то небольшая проблема может вырасти до существенных размеров. А значит, на ее решение потребуется много ваших ресурсов и собственной энергии. Здесь можно говорить как о сложностях в материальной сфере, например, денежные потери, так и о затруднениях в остальных жизненных областях, касающихся личных отношений, налаживания коммуникаций и т. д."
2,Уруз,Ūruz,U+16A2,"Эта руна ассоциируется со стихией огня, необузданной, неукротимой и мощной. Уруз означает неизбежность сильных изменений, вступление в пору половой зрелости, развитие и прогресс. Но в этом процессе отсутствует все, что считается искусственным, надуманным, чуждым замыслу Творца. В пламени Уруза должно сгореть все ненужное, неподобающее и противное природе человека.

Также здесь можно говорить об исцелении от болезней. И это естественно, ведь одно связано с другим. Недуг можно рассматривать, как что-то чужеродное, поэтому от него нужно избавиться. Уруз помогает справиться с заболеваниями, сжигает все, что мешает выздоровлению.

","Перевернутое положение этой скандинавской руны показывает какие-то упущенные благоприятные возможности. Также оно означает, что человек отступил, спасовал перед трудностями, отказался от реализации своей мечты. Впрочем, бывает, что вы решили поделиться своими обязанностями с кем-то другим. И тут нужно соблюдать определенные условия: характер той личности должен быть сильнее, тогда душа может быть спокойна, и отдающий не утратит собственное достоинство. Но в любом случае, если человек трусливо отступает и не берет ответственность на себя, пользы от этого ему не будет."
3,Турисаз,Þurisaz,U+16A6,"Даже в прямом положении данную руну не получится трактовать однозначно положительно. Итак, во-первых, это мощная защита. Однако символ может иметь значение того, что удачный период скоро завершится. О его конкретном смысле в данном раскладе нужно судить по общему настроению в гадании. Когда преобладают благоприятные знаки, скандинавскую руну Турисаз рассматривают в позитивном ключе. Если рядом негативные символы и сочетания, то она поддержит эти отрицательные моменты. Что касается других значений руны, то обычно ее трактуют как удачу, подарки судьбы (чаще неожиданные).","Выпадение перевернутой Турисаз также не сулит ничего хорошего. Здесь мало отличий от отрицательных значений в прямом положении. Это знак того, что человек упрямо будет действовать по-своему, даже получив предостережение. Вся его натура будет противиться совету, сформированному при раскладе скандинавских рун, тут уж ничего не поделать. Естественно, он может ухудшить свое положение. Еще дополнительно можно сказать, что о положительной динамике и удачном стечении обстоятельств в текущих делах скоро можно будет забыть."
4,Ансуз,Ansuz,U+16A8,"Ансуз – это скандинавская руна, непосредственно связанная с тем, как сказанные нами слова и в целом речь влияют на других. Здесь имеются два нюанса. Во-первых, если человеку выпадает такой символ, то, скорее всего, для него не составляет труда общаться с другими, заводить новые контакты, знакомиться, произносить тосты и речи на собраниях. В то же время, и это во-вторых, есть опасность того, что некоторые слова, сказанные с легкостью, могут задеть и ранить самолюбие слушателей, а бесконечная болтовня и бестактность насторожат и отпугнут людей, которые не очень любят поговорить.","Если в раскладе встречается перевернутое положение руны, то это свидетельствует о лжи, неискренности, заведомо искаженной информации. Еще один смысл состоит в том, что, возможно, какой-то человек из вашего окружения желает получить то, что должно быть вашим. Это касается не только материальных вещей, но и какого-то достижения, например, награды в соревнованиях, итогов голосования в конкурсе. Есть еще один тонкий момент: если речь идет о характеристике качеств самого гадающего, то руна свидетельствует о его упрямстве и нежелании учитывать чужой опыт."
5,Райдо,Raidō,U+16B1,"Наиболее общее значение Райдо – это путь, путешествия. В зависимости от контекста и способа гадания здесь можно говорить либо о конкретных поездках и передвижении из одного пункта в другой, либо о духовных исканиях. Символ сулит прекрасное путешествие, посещение новых интересных мест и встречу с симпатичными попутчиками, с которыми будет легко и приятно проводить время.

Если в раскладе пойдет разговор о духовном пути, то значение знака в том, что человеку трудно принять решение, он не до конца понимает, нужно ли ему это. Однако стоит преодолеть сомнения и начать движение по дороге самопознания. В раскладе со скандинавскими рунами на деньги, если выпадает Райдо, это значит, что сейчас подходящее время завершить сделку. В некоторых случаях толкование символа может быть следующим: есть два способа решить проблему, и они известны тому, кто спрашивает, но он не может выбрать лучший вариант.","Перевернутое положение обычно трактуют как неприятности в путешествии или срыв планов. Также здесь может говориться об обычной поездке, но связанной с известием о смерти, болезни близкого человека или другим печальным событием. Самое лучшее, что может предвещать перевернутая руна Райдо, − это неожиданное путешествие вне графика и планов, на которое трудно найти финансы и энергию. Как правило, выпадение этого символа в перевернутом виде связывают с неприятностями и несчастными случаями в поездке."
6,Кеназ,Kauną,U+16B2,"Этот символ можно назвать «дружелюбным огнем». Классическая трактовка включает понятия власти, силы, энергичности, но в данном случае энергия несет положительный заряд. Сила, лишенная агрессии и напора, прибавляет позитива и уверенности в том, что полоса проблем скоро кончится, для страха и тревог совсем нет оснований. Человеку нужно поверить, что его сегодняшним трудностям придет конец. А произойдет это тем скорее, чем положительнее у него будет настрой.","В такой позиции значение скандинавской руны указывает на процесс завершения чего-либо, потери, остановку в развитии. Если выпадает данный знак, речь пойдет о том, что необходимо уже отпустить или этого человека, или какую-то ситуацию. Все попытки удержать будут бессмысленны и безрезультатны.

Но обычно для спрашивающего это неочевидно, он сопротивляется, отказывается принимать сложившиеся обстоятельства, обвиняет себя за всевозможные ошибки. Перед его затуманенным обидой и разочарованием взглядом прокручиваются сцены из прошлого. Но переиграть то, что уже произошло, не получится. Придется оставить в прошлом то дело и того человека, который ушел. Нужно двигаться дальше, извлекая выводы из случившегося. Впереди вас ждут новые события, которые окажутся более перспективными и интересными."
7,Гебо,Gebō,U+16B7,"Руна Гебо имеет только прямое положение, поэтому изменить ее позитивный смысл может лишь соседство с символами, обладающими резко негативными значениями. В классической интерпретации знак означает дары, наполняющие сердце чувством радости и счастья.

Если на момент гадания со скандинавскими рунами в жизни человека присутствует множество проблем и трудностей, то выпадение Гебо указывает на то, что скоро наступит другое время, все негативное уступит место благополучию и спокойствию.",
8,Вуньо,Wunjō,U+16B9,"Можно только порадоваться за человека, если в скандинавском раскладе ему выпадает Вуньо, так как она означает радостное позитивное состояние и провозглашает наступление белой полосы. В прямом положении эта руна указывает на то, что все неприятности позади, ваша удача уже на пороге, можно открывать двери ей навстречу.","Перевернутое положение сигнализирует о том, что возникли препятствие на пути, сбой планов и торможение, которые не представлялось возможным предугадать. В жизни это явление нередкое, когда человек абсолютно уверен в победе, а потом происходит что-то из ряда вон выходящее, и все идет насмарку. Еще более вероятно о таких неприятностях свидетельствует сочетание перевернутых рун Вуньо и Турисаз. Но ничего фатального в возникших проблемах нет. Любое препятствие преодолимо, и у задач найдутся решения. Неприятно, конечно, переживать такие неожиданные моменты, бывает трудно быстро скорректировать ситуацию, сразу поправить или внести изменения."
9,Хагалаз,Hagalaz,U+16BA,"Как видно из рисунка, данную скандинавскую руну тоже можно трактовать только в одном смысле, поскольку это симметричная фигура. Но даже в прямом положении значение Хагалаз трудно назвать позитивным. В переводе название руны – «град» – уже звучит довольно грозно, и сразу понятно, какая мощная энергия заложена в этом символе. Хагалаз принято трактовать как вестника стихийных бедствий. Также изображение этого знака указывает на появление внешних непреодолимых обстоятельств, над которыми человек не властен, и ему не остается ничего другого, как действовать по новым правилам.

Результат от такого стороннего вмешательства не всегда бывает отрицательным, то есть иногда обстоятельства пойдут во вред, а иногда принесут пользу. Традиционно руну расшифровывают так: решение проблемы гадающего зависит не от него, а от действий совершенно незнакомого человека, которого он может не знать. Например, когда поданы документы на рассмотрение чиновнику, который определяет − дать добро или отказать.

В таком раскладе символ указывает на присутствие важных бумаг, полученных из государственного учреждения или кредитной организации. Кроме того, эта скандинавская руна означает, что в конечном итоге все, что ни происходит, на самом деле к лучшему. Преграды и препятствия нужны, чтобы научиться стойкости и терпению.",
10,Наутиз,Naudiz,U+16BE,"Прямое положение руны Наутиз определяют как трудную науку жизненной дороги. Всем известно такое выражение: «Не ищите легких путей». Его смысл в том, что препятствия – это часть дороги, не стоит рассчитывать, что у вас будет иначе. Руна указывает на то, что необходимо терпеливо, спокойно, без лишней суеты и спешки двигаться к своим целям. Отсутствие здравого смысла и торопливость только усугубят проблемную ситуацию. А самый главный совет – не поддаваться страхам, не преувеличивать опасность, смотреть открытыми глазами.

В раскладе со скандинавскими рунами Наутиз связывают и с духовным, и с физическим развитием, самосовершенствованием, когда человеку приходится преодолевать собственную слабость, неуверенность, а также сопротивляться мнениям, навязанным окружением.","Перевернутое положение руны ассоциируется с неверно выбранным путем. Ситуацию довольно легко поправить, когда цель только определена, дело находится в начальной стадии. В этот период нужно остановиться, скорректировать действия, пересмотреть договоренности и т. п. Затруднения могут возникнуть, когда процесс уже давно начался, и вы где-то посередине. В таких обстоятельствах придется думать над тем, как получить хоть что-то и выйти из ситуации с минимальными потерями. В перевернутом виде руна советует постоянно анализировать и контролировать развитие событий, действовать обдуманно и своевременно замечать недочеты, не доводя до кризиса."
11,Иса,Isaz,U+16C1,"У этой руны только одно положение. Традиционно в раскладах ее принято трактовать в смысле приостановки деятельности. Более подробное значение можно понять, разбирая сочетания скандинавских рун в конкретном гадании. Иса рекомендует в данный период не начинать дело, подождать наступления более подходящего времени. Пренебрежение этим советом может привести к тому, что вы не получите тех результатов, на которые рассчитываете, что скажется на будущих успехах.",
12,Йера,Jēra,U+16C3,"В описании скандинавских рун значение Йеры связано с хорошим урожаем. У нее только одно прямое положение, и оно имеет положительный смысл. Основное, с чем ассоциируется этот символ, – получение достойного вознаграждения за свой труд. В данном случае поощрение может быть физическим (деньги, подарки) или нематериальным, но тоже важным. Речь может идти о расположении влиятельных лиц или неожиданной удаче в самый нужный момент. Но высокий урожай можно получить только благодаря усилиям и существенным вливаниям в дело.

Требуются собранность и все внимание к выполнению своих обязанностей. Нужно четко осознавать, когда можно притормозить, а когда требуется ускорение. Успех ждет того, кто чувствует уверенность в себе, готов отстаивать собственное мнение и делать все возможное (вместе с Турисаз особенно).

Часто Йеру трактуют в качестве символа и показателя справедливости. Это означает, что, когда в гадании выпадает данный знак, человек должен усвоить, что его благополучие и безопасность полностью зависят от соблюдения им лично государственных законов и норм морали. Если руна оказалась крайней в раскладе, это указывает на то, что, возможно, проблему придется решать с помощью юристов.",
13,Эйваз,Ēehaz,U+16C7,"Выпадение скандинавской руны Эйваз свидетельствует о защите. У древних скандинавов так назывался тис, который оберегал воинов во время боя (его древесина шла на изготовление охотничьих и военных луков). Кроме того, знак символизирует Великое Древо.

Так как руна имеет симметричное изображение, она трактуется только в прямом положении. Обычно ее расшифровывают следующим образом: выбор верный, с целью все в порядке, ресурсов на ее достижение вполне достаточно. Прямо сейчас человек может сомневаться в своей победе, но со временем все встанет на свои места. Здесь не нужно ждать, что успех придет просто так, без ваших усилий. Вкладывать энергию, конечно, потребуется, и тут очень важно, чтобы она не растрачивалась попусту, а шла на решение задач. Об этом необходимо помнить все время. Будьте внимательны, если Эйваз выпадет вместе с перевернутой руной Одал.",
14,Перт ,Perþō,U+16C8,"Перт связана с тайной, неизведанным, скрытым. Она говорит о том, что человеку пока еще что-то неизвестно, но в определенный срок он все узнает. В раскладе этот символ указывает на поступление новой информации или обретение предмета, считавшегося утерянным. Другое значение этой скандинавской руны – стремление к овладению оккультными знаниями, открытие в себе способностей к магии и яснознанию, развитие интуиции. Причем здесь важно не только выявить эти способности, но и понять, в какой момент их потребуется применить в практических целях.","Перевернутое положение указывает на изменение обстоятельств, а развиваться ситуация будет не по плану. И пока нет возможности увидеть причину этого. В другом контексте перевернутая Перт может означать возможность неприятных сюрпризов, разочарований в близком человеке, неудачную попытку заняться магией."
15,Альгиз,Algiz,U+16C9,"Скандинавская руна Альгиз символизирует собой могущественную защиту. Речь идет о духовной связи и невидимом мосте от мира Богов к людям, по которому идет энергия, помогающая справляться с бедами. Эта энергия обладает большой мощью, поэтому руна часто изображалась скандинавскими воинами на щитах и боевых луках.

Символ советует следовать голосу интуиции и понимать, что в критический момент, когда перед человеком стоит трудный выбор, он должен слушать себя, чтобы определить, куда двигаться дальше. Руна защищает от физических опасностей. Например, в недалеком прошлом была неприятная ситуация, но гадающий благополучно избежал риска. Или это сигнал к тому, чтобы быть осторожнее сегодня и в ближайшем будущем.","Перевернутая позиция руны Альгиз показывает уязвимое положение спрашивающего или бессмысленность самопожертвования. Еще одна трактовка – возможно, человек находится в ситуации, когда либо он сам неправильно оценивает происходящее (обманывает себя) и рассчитывает на такой результат, которого не может быть, либо кто-то пытается обмануть его. Кроме того, может быть, что спрашивающему зачем-то приходится тратить много сил и времени на другого, но отдачу он не получает, эффект нулевой. Еще вероятно, что на гадающего пытаются вешать все промахи и ошибки, которых он не совершал. Кому-то просто нужен козел отпущения."
16,Совило,Sōwilō,U+16CA,"У Соуло есть только прямое положение. Толкование и значение этой одной из самых позитивных скандинавских рун просто наполнено триумфом. Знак указывает на стопроцентную победу, абсолютный успех. Если такой символ выпадает в гадании, это свидетельствует о преодолении любых трудностей и препятствий в короткое время и почти без усилий. Можно пояснить таким образом: сложности и сомнения непременно будут, но человек легко с ними справится.",
17,Тейваз,Tēwaz,U+16CF,"В этом символе скандинавского алфавита скрыт большой потенциал. Руна означает способность бороться за свои идеи, не обращая внимания на внешние обстоятельства. Человек может прийти к успеху, для этого имеются все шансы. Еще одно значение этого знака в том, что спрашивающий наделен здоровым духом соперничества. Внутренняя сила двигает его вперед лучше всякой мотивации.","В данном случае руна сигнализирует о том, что энергии на дело больше нет, стоит какой-то блок на пути ее выхода. Вероятно, план не до конца продуман, нет четкой структуры. Но не нужно думать, что все бесполезно. Поработайте над графиком, спокойно исправляйте ошибки, разложите все по полочкам, и тогда предприятие можно привести к успеху."
18,Беркана,Berkanan,U+16D2,"Значение символа Беркана связывают с плодородием и рождением. Он имеет сугубо женскую энергетику и ассоциируется с образом матери и семьи. В раскладе скандинавские руны выпадают в разных сочетаниях, и их значение нужно определять в соответствии с этими данными. Почти всегда Беркана обозначает заключение брака, создание нового семейного союза и рождение детей. Можно сказать, что последний смысл как раз и является традиционным. Когда человек мечтает о детях, и ему в сеансе гадания выпадает этот знак, особенно в союзе с Ингуз, можно смело говорить, что долгожданное событие не за горами.","В этом случае правильно толковать скандинавский знак Беркана в смысле возникновения разногласий, противоречий, поступления тревожных новостей. Его собственное значение не бывает негативным, и он не прогнозирует какие-либо фатальные проблемы. Но если рядом оказываются символы, несущие отрицательный смысл, то прогноз ухудшается. Однако нет ничего такого, что нельзя было бы изменить, исправить, переиграть."
19,Эваз,Ehwaz,U+16D6,"В прямом смысле Эваз значит «конь». Развивая этот образ, можно сказать, что требуются выносливость, скорость, стремление к цели, свободолюбие. Выпадение такого символа свидетельствует о переездах, путешествиях, смене места жительства, знакомстве с новыми людьми. Значит, нужно быть готовым к физическим перемещениям и всему тому, что с этим связано. Само собой, прямое положение руны – это позитивные перемены, все будет корректироваться в лучшую сторону. В некоторых раскладах Эваз может указывать на то, что хороший результат приходит, так как человек проявляет инициативу, работает, а не ждет удачного стечения обстоятельств.","У перевернутого положения скандинавской руны Эваз нет строго негативного толкования. Скажем так, немного понижается градус позитива. Речь по-прежнему будет идти о поездке, только она может быть немного скомканной, с разными неожиданностями, без должной подготовки. Если рядом в раскладе есть Лагуз, то путешествие может затянуться, сдвинутся сроки возвращения. В контексте про перемены в жизни можно сказать, что они произойдут очень резко."
20,Манназ,Mannaz,U+16D7,"В раскладах со скандинавскими рунами у Манназ роль зеркала, отражающего человеческие отношения и взаимосвязи. В ней заложена информация о связи с предками и Родом, об интеллекте, собственном «я» и достоинстве. Будут затронуты вопросы взаимовыручки, дружбы и сострадания к людям. Но как человеческие отношения не всегда выглядят радужно, так и руна имеет неоднозначное значение. Особенно если речь идет о связях между близкими людьми. Манназ призывает искать божественное в себе и окружающих, смотреть глубже, открывать сердечный центр. Человек живет не только в материальном мире, нужно попробовать увидеть Бога во всех проявлениях этого бытия.","Выпадение в скандинавском раскладе перевернутой руны Манназ говорит о нарушении планов, росте активности противников и о том, что человек не может сейчас рассчитывать на помощь друзей. Нужно приготовиться к тому, что придется находить решение вопросов самостоятельно. Если данная жизненная ситуация связана с какими-то документами, и при этом в раскладе перевернутая Манназ выпала в сочетании со знаком Йера, это говорит о том, что спрашивающему лучше посоветоваться с грамотным юристом. Еще один вариант толкования такой позиции – это наличие у гадающего внутренних проблем, которые мешают ему реализовывать свои планы."
21,Лагуз,Laguz,U+16DA,"Среди скандинавских рун Лагуз занимает особое положение. Она связана с интуицией, получением знаний из информационного поля. Подобное единение с Космосом есть у каждого человека, но не все обращают на это внимание, с недоверием относятся к пророческим снам или не принимают к сведению свои ощущения. Лагуз указывает на такие знаки, сны или случаи в жизни, которые помогут в дальнейшем избежать больших неприятностей. Соединение с руной Перт подсказывает спрашивающему, что он обладает экстрасенсорными способностями и что у него сильный Ангел-Хранитель.","Перевернутая руна Лагуз предрекает неприятности и возникновение сложностей, которые могут произойти, если человек действует спонтанно, необдуманно, по первому побуждению. Чувства чувствами, но ни в коем случае нельзя полагаться только на удачу. Гораздо разумнее, перед тем как начать какое-то дело, собрать необходимую информацию, проанализировать и составить план действий. Абсолютно точно можно сказать, что нельзя сидеть сложа руки, так как есть нерешенные проблемы, которые сами не исчезнут, а будут только разрастаться. Но сначала нужно продумать, с какой стороны приступить к данному вопросу."
22,Ингуз,Ingwaz,U+16DD,"У скандинавской руны Ингуз только прямая позиция, и она дает в основном положительные прогнозы. Приобрести негативный оттенок знак может в случае, когда расклад полностью неблагоприятный, т. е. рядом оказались другие символы с отрицательными характеристиками. К примеру, когда выпало сочетание Ингуз и перевернутой Ансуз, это значит, что вблизи спрашивающего крутится какой-то авантюрист или откровенный мошенник, которому пока удается маскировать свою истинную сущность.

Понятно, что доверчивость в такой ситуации может сильно повредить. Но обычно изображение Ингуз указывает на успех и получение реальных результатов в начатых делах, а также на необходимые ресурсы, которых у гадающего хватит для преодоления препятствий и трудностей, стоящих на его пути, создания команды и взятия нужного темпа.",
23,Дагаз,Dagaz,U+16DE,"Руну Дагаз всегда трактуют в положительном значении, тем более у нее отсутствует перевернутая позиция. Ее основной смысл – благополучие и прирост благосостояния. Причем нужно иметь в виду, что в понятие благосостояния входит не только материальная сторона жизни, но и отношения, стремление к саморазвитию и т. д. Все сферы бытия стремятся к гармоничному положению. Сочетание в скандинавском раскладе символов Райдо и Дагаз свидетельствует о возможностях проводить досуг более интересно и в хорошей компании. Если рядом есть Кеназ, то человек способен реализовать себя в творчестве.",
24,Отал,Ōþalan,U+16DF,"Отал в традиционной трактовке − это собственность. Можно сказать, что это стержневое понятие, к которому добавляется все остальное. В первую очередь, данная скандинавская руна имеет значение приобретения недвижимости (дома, квартиры, нежилых помещений), земельных участков и в целом всего, что можно купить в свое пользование. Второй момент: в раскладе может идти речь о наследстве и наследии. И здесь дело касается не только материальных вещей, но и духовных и нравственных устоев.

Всем нам необходимо помнить о своей связи с Родом, предками, сохранять традиционный уклад жизни. Если в сеансе гадания определяют характер спрашивающего, то информацию можно трактовать так: либо этот человек происходит из древнего знаменитого или славного рода (так называемая голубая кровь), либо это прагматичная личность, точно знающая свои цели, организатор и энергичный деятель, который приводит в порядок не только свою жизнь, но и жизнь окружающих людей. Об этом часто говорят, когда в скандинавском раскладе встречаются Отал и Наутиз.","Перевернутое положение скандинавской руны Отал символизирует ситуацию, когда человек торопится, перескакивает через этапы, нетерпелив в достижении цели. У него не хватает выдержки дождаться благоприятного момента, из-за своей спешки и непонимания настоящей ситуации он часто теряет то, что мог бы легко получить. Усилий и ресурсов может быть вложено много, но дело будет буксовать, и «воз» останется на месте. Если одновременно рядом присутствует Лагуз в перевернутой позиции, то тут нужно понимать, что спрашивающий полагался на интуицию и не учел многих деталей."
25,Один,Odin,,"Изображение Один – это знак судьбы, рока, кармы. В целом, понятия близки по смыслу: если говорят о судьбе, подразумевают, что человеку предназначено пройти через определенные этапы в жизни, изменить ее ход невозможно; рок символизирует, что иногда приходится смириться перед лицом происходящих событий, выражать сопротивление космической силе в форме обычных человеческих эмоций довольно глупо и бессмысленно; карму надо понимать как обязанность индивида отвечать за любые свои мысли, чувства и действия, а они могут быть хорошими или плохими.",